City_ID,City,Country,Max Temp,Current Description,Lat,Lng,Hotel Name
0,Saint-Philippe,RE,71.19,light rain,-21.3585,55.7679,"Chambres d'hôte ""La Trinité"""
1,Aswan,EG,85.39,clear sky,24.0934,32.907,Nuba Nile
6,Beterou,BJ,74.53,light rain,9.1992,2.2586,Monastère de Kokoubou
7,San Patricio,US,86.54,clear sky,28.017,-97.5169,"Motel 6 Sinton, TX"
12,Saraland,US,82.42,broken clouds,30.8207,-88.0706,Microtel Inn & Suites by Wyndham Saraland/North Mobile
14,Mayo,US,78.96,clear sky,38.8876,-76.5119,Resorts Resource Group International
15,Hithadhoo,MV,83.3,overcast clouds,-0.6,73.0833,Scoop Guest House
17,Fairbanks,US,73.6,clear sky,64.8378,-147.7164,Westmark Fairbanks Hotel & Conference Center
19,Souillac,MU,73.78,light rain,-20.5167,57.5167,Shanti Maurice Resort & Spa
23,Hamilton,US,78.89,clear sky,39.1834,-84.5333,Six Acres Bed & Breakfast
30,Ponta Do Sol,PT,67.01,overcast clouds,32.6667,-17.1,Hotel do Campo
31,Rikitea,PF,76.59,clear sky,-23.1203,-134.9692,People ThankYou
32,Butaritari,KI,81.97,overcast clouds,3.0707,172.7902,Isles Sunset Lodge
35,Saint George,US,82.63,clear sky,37.1041,-113.5841,Best Western Plus Abbey Inn
36,Puerto Ayora,EC,75.16,overcast clouds,-0.7393,-90.3518,Finch Bay Galapagos Hotel
40,Manavalakurichi,IN,79.32,overcast clouds,8.1333,77.3,Jebinrio home
42,Soller,ES,67.86,broken clouds,39.7662,2.7152,Hotel Marina & Wellness Spa
46,Mahajanga,MG,69.82,few clouds,-15.7167,46.3167,Restaurant Greedy Coco Lodge Majunga
47,Touros,BR,76.08,clear sky,-5.1989,-35.4608,INN NEW HORIZON
49,Welahan,ID,78.84,broken clouds,-6.8,110.7167,Pp. Tahfidz Manzilul Qur'an
51,Mandan,US,71.58,broken clouds,46.8267,-100.8896,Twin City Estates
53,Kaeo,NZ,69.33,overcast clouds,-35.1,173.7833,Bushido Lodge
55,Upata,VE,78.19,broken clouds,8.0086,-62.3989,Posada Villa Nela
56,Sur,OM,85.53,clear sky,22.5667,59.5289,Sur Plaza Hotel
57,Jamestown,US,73.04,clear sky,42.097,-79.2353,Hampton Inn & Suites Jamestown
63,Luwuk,ID,81.99,broken clouds,-0.9516,122.7875,Hotel Santika Luwuk
66,Wilmington,US,78.71,scattered clouds,34.2257,-77.9447,"Hotel Ballast Wilmington, Tapestry Collection by Hilton"
69,Vaini,TO,84.36,few clouds,-21.2,-175.2,Keleti Beach Resort
70,Kapaa,US,80.58,moderate rain,22.0752,-159.319,Sheraton Kauai Coconut Beach Resort
72,Koumac,NC,78.35,broken clouds,-20.5667,164.2833,Le Monitel
73,Vao,NC,73.54,broken clouds,-22.6667,167.4833,Hotel Kou-Bugny
74,Arraial Do Cabo,BR,73.15,clear sky,-22.9661,-42.0278,Pousada Porto Praia
75,Mahebourg,MU,73.69,broken clouds,-20.4081,57.7,Shandrani Beachcomber Resort & Spa
76,Broome,US,71.98,clear sky,42.2506,-75.833,Chenango Valley State Park
80,Belle Fourche,US,65.08,broken clouds,44.6714,-103.8522,Super 8 by Wyndham Belle Fourche SD
82,Kushima,JP,66.83,overcast clouds,31.4583,131.2333,Hanaoka
85,Guerrero Negro,MX,65.59,clear sky,27.9769,-114.0611,"Casa Laguna, Bed & Breakfast"
88,Marawi,PH,71.8,overcast clouds,7.9986,124.2928,Derogongan Residence
89,Hilo,US,86.29,overcast clouds,19.7297,-155.09,Hilo Hawaiian Hotel
91,Garissa,KE,73.56,broken clouds,-0.4536,39.6401,Sharif Plaza Hotel
95,Correntina,BR,67.6,clear sky,-13.3433,-44.6367,Hotel Pousada dos Sonhos
97,Karratha,AU,66.18,overcast clouds,-20.7377,116.8463,ibis Styles Karratha
100,Bambous Virieux,MU,73.65,broken clouds,-20.3428,57.7575,Casa Tia Villa
103,Georgetown,MY,82.33,few clouds,5.4112,100.3354,Cititel Penang
104,San Cristobal,VE,75.38,few clouds,7.7669,-72.225,Pirineos
105,Hasaki,JP,72.0,overcast clouds,35.7333,140.8333,Inubosaki Kanko Hotel
106,Bengkulu,ID,75.43,broken clouds,-3.8004,102.2655,Grage Hotel Bengkulu
108,Mayumba,GA,72.19,few clouds,-3.432,10.6554,LIKWALE LODGE
110,Kembolcha,ET,67.66,overcast clouds,11.0816,39.7434,Tekle Hotel Kombolcha
111,Victoria,HK,85.32,scattered clouds,22.2855,114.1577,Mini Central
124,Faanui,PF,80.26,clear sky,-16.4833,-151.75,Bora-Bora Pearl Beach Resort & Spa
125,Naze,JP,77.92,overcast clouds,28.3667,129.4833,Shishime Hotel
126,Oistins,BB,80.69,scattered clouds,13.0667,-59.5333,Butterfly Beach Hotel
127,Atuona,PF,78.1,few clouds,-9.8,-139.0333,Villa Enata
129,Kavieng,PG,82.96,light rain,-2.5744,150.7967,Nusa Island Retreat
130,Minab,IR,86.07,clear sky,27.1467,57.0801,Bam campground
131,Ciudad Bolivar,VE,87.78,broken clouds,8.1222,-63.5497,Hotel Edi
137,Avarua,CK,77.05,broken clouds,-21.2078,-159.775,Paradise Inn
138,Bosaso,SO,87.78,broken clouds,11.2842,49.1816,Red Sea Hotel
140,Vila Velha,BR,71.55,overcast clouds,-20.3297,-40.2925,Hotel Vitória Palace
141,Manokwari,ID,82.27,broken clouds,-0.8667,134.0833,Swiss Belhotel Manokwari
143,Veraval,IN,82.54,broken clouds,20.9,70.3667,Lords Inn Somnath
144,Khash,IR,65.95,clear sky,28.2211,61.2158,خوابگاه آبجی محدثه
146,Benghazi,LY,70.25,clear sky,32.1167,20.0667,Tibesti Hotel
147,Popondetta,PG,85.6,scattered clouds,-8.7537,148.2534,Timos Transit House
148,Pathein,MM,80.56,overcast clouds,16.7833,94.7333,Pathein Hotel
149,Bandarbeyla,SO,80.06,overcast clouds,9.4942,50.8122,JABIR HOTEL
150,Xinyang,CN,74.35,overcast clouds,32.1228,114.0656,Jinjiang Inn Style Xinyang Dongfanghong Avenue Culture Center
152,Laguna,US,82.15,clear sky,38.421,-121.4238,"Holiday Inn Express & Suites Elk Grove Central - Hwy 99, an IHG Hotel"
153,Gasa,PS,70.65,clear sky,31.5,34.4667,رابطة الفنانين الفلسطينيين
156,Abong Mbang,CM,67.6,broken clouds,3.9833,13.1833,Auberge Angle Sur
158,Namatanai,PG,82.35,light rain,-3.6667,152.4333,Seagulls Inn Namatani
159,Cabedelo,BR,74.07,scattered clouds,-6.9811,-34.8339,Pousada Camboinha
162,Katsuura,JP,72.14,broken clouds,35.1333,140.3,Katsuura Hotel Mikazuki
165,Toro,CO,76.28,broken clouds,4.6117,-76.0814,"Finca La María Toro, Valle del Cauca"
167,Ilhabela,BR,72.46,clear sky,-23.7781,-45.3581,Ilha Flat Hotel
170,Gorontalo,ID,80.08,overcast clouds,0.5412,123.0595,Maqna Hotel by Prasanthi
172,Bairiki,KI,86.0,few clouds,1.3292,172.9752,Tarawa Boutique Hotel
177,Fairmont,US,81.77,scattered clouds,39.4851,-80.1426,Clarion Inn
178,Dingle,PH,82.17,broken clouds,10.9995,122.6711,SEGAYA PROPERTY
179,Chunar,IN,80.65,clear sky,25.1333,82.9,Mishra bhawan
181,Fomboni,KM,80.56,light rain,-12.28,43.7425,Auberge les abou
183,Denpasar,ID,82.06,few clouds,-8.65,115.2167,OYO 3156 Hotel Warta 2
185,Paducah,US,80.73,clear sky,37.0834,-88.6001,"Holiday Inn Paducah Riverfront, an IHG Hotel"
191,Miraflores,MX,77.65,overcast clouds,19.2167,-98.8083,Hotel Mansión
192,Bandar-E Lengeh,IR,78.91,clear sky,26.5579,54.8807,کافی نت پارس
193,Westport,US,70.93,clear sky,41.1415,-73.3579,The Westport Inn
194,Miri,MY,80.74,few clouds,4.4148,114.0089,"Mega Hotel, Miri"
195,Sinnamary,GF,77.88,overcast clouds,5.3833,-52.95,ALETHEIA Appartement Sinnamary
197,Ravar,IR,67.91,clear sky,31.2656,56.8055,computertik
198,Gladstone,AU,70.79,overcast clouds,-23.85,151.25,Highpoint International Hotel
200,Mataram,ID,83.21,scattered clouds,-8.5833,116.1167,Hotel Santika Mataram
201,Itarema,BR,77.56,few clouds,-2.9248,-39.9167,"Sea Lounge! Bar, Club & Restaurant"
205,Kailua,US,82.15,overcast clouds,21.4022,-157.7394,Sheffield House Bed & Breakfast
206,Kapit,MY,78.44,scattered clouds,2.0167,112.9333,Hotel Meligai Kapit
208,Maceio,BR,72.84,scattered clouds,-9.6658,-35.7353,Hotel Ponta Verde Maceió
209,Fort Stewart,US,82.49,clear sky,31.8722,-81.61,"Holiday Inn Express & Suites Hinesville East - Fort Stewart, an IHG Hotel"
211,Cape Canaveral,US,83.07,clear sky,28.4058,-80.6048,Residence Inn by Marriott Cape Canaveral Cocoa Beach
214,Kavaratti,IN,81.68,broken clouds,10.5669,72.642,Hotels in Lakshadweep Islands
219,Padang,ID,75.25,overcast clouds,-0.9492,100.3543,Mercure Padang
222,Moranbah,AU,72.81,scattered clouds,-22.0016,148.0466,Direct Hotels - Monterey Moranbah
223,Xiaoweizhai,CN,68.85,overcast clouds,26.1903,107.5125,Karst Youth Hostel
224,Candelaria,PH,82.38,overcast clouds,13.9311,121.4233,Casa de Provincia
226,Port Blair,IN,82.44,mist,11.6667,92.75,"Welcomhotel By ITC Hotels, Bay Island, Port Blair"
228,Kiunga,PG,79.97,overcast clouds,-6.1219,141.2906,Airport Lodge Kiunga
231,Kewanee,US,72.95,overcast clouds,41.2456,-89.9248,AmericInn by Wyndham Kewanee
232,Kongolo,CD,69.01,light rain,-5.3833,27.0,GUEST HOUSE OASIS
234,Semporna,MY,79.61,overcast clouds,4.4818,118.6112,"Han Palace Hotel, Semporna, Sabah."
237,Pilar,BR,71.53,broken clouds,-9.5972,-35.9567,Pousada e churrascaria Manguaba
239,Matay,EG,80.42,clear sky,28.419,30.7792,Nag Aespen
240,Pacific Grove,US,74.25,clear sky,36.6177,-121.9166,Lovers Point Inn
243,Adeje,ES,65.32,clear sky,28.1227,-16.726,Gran Tacande Wellness & Relax
247,Basoko,CD,71.2,scattered clouds,1.2391,23.616,Jackyna Hotel
250,Bardiyah,LY,72.14,clear sky,31.7561,25.0865,بورتو بردية
251,Juegang,CN,83.95,overcast clouds,32.3174,121.1855,Rudong Y Hotel
254,Yeppoon,AU,71.38,broken clouds,-23.1333,150.7333,Villa Mar Colina
255,Atambua,ID,79.79,broken clouds,-9.1061,124.8925,Kost Alfa Flat
257,Shelburne,CA,72.05,scattered clouds,44.0787,-80.2041,The Retreat at the Farm
259,Bathsheba,BB,81.21,scattered clouds,13.2167,-59.5167,Atlantis Hotel
262,Shingu,JP,75.9,broken clouds,33.7333,135.9833,Shingu UI Hotel
269,Coahuayana,MX,83.7,scattered clouds,18.7333,-103.6833,El rranchito michuacan de ocampos
272,Bambanglipuro,ID,77.5,few clouds,-7.95,110.2833,Puri Brata
276,Les Cayes,HT,78.69,overcast clouds,18.2,-73.75,Villa Orphee
277,Risod,IN,81.27,clear sky,19.9667,76.7833,Nikhil vitthal Parbat
280,Inirida,CO,74.57,broken clouds,3.8653,-67.9239,Fuente del Guania Hotel de Lujo
281,Tautira,PF,79.45,few clouds,-17.7333,-149.15,Pension Oaoa
282,Lorengau,PG,82.74,overcast clouds,-2.0226,147.2712,Lorengau Harbourside Hotel
283,Vieques,PR,82.44,scattered clouds,18.425,-65.8329,"The St. Regis Bahia Beach Resort, Puerto Rico"
285,Rumonge,BI,69.62,light rain,-3.9736,29.4386,Kwetu Guest House
288,Dalbandin,PK,75.76,clear sky,28.8947,64.4101,Sanjrani House
290,Altamira,BR,74.84,overcast clouds,-3.2033,-52.2064,Requinte Hotel
293,Bethel,US,69.67,few clouds,41.3712,-73.414,Courtyard by Marriott Danbury
294,Sibolga,ID,75.52,overcast clouds,1.7427,98.7792,Hotel Syariah CN Darussalam
295,Guarapari,BR,68.9,few clouds,-20.6667,-40.4975,Hotel Porto do Sol
296,Ibra,OM,79.2,clear sky,22.6906,58.5334,مزرعة راحة النفوس المنزفة
297,Faya,SA,66.31,clear sky,18.3851,42.4509,املاك خالد الشعشوع
299,Korla,CN,78.64,overcast clouds,41.7597,86.1469,Gulisitan Hotel
300,Palmer,US,72.01,few clouds,42.1584,-72.3287,Wedgewood Motel
303,Buta,CD,69.37,scattered clouds,2.7858,24.73,HOTEL BISO NA BISO
306,Digapahandi,IN,87.13,broken clouds,19.3667,84.5833,Tiffin Hotel
308,Quatre Cocos,MU,73.51,few clouds,-20.2078,57.7625,Sunrise Attitude Hotel
309,Kahului,US,89.62,scattered clouds,20.8947,-156.47,Maui Seaside Hotel
311,Along,IN,71.76,broken clouds,28.1667,94.7667,Hotel West
313,College,US,73.58,scattered clouds,64.8569,-147.8028,Pike's Waterfront Lodge
315,Eyl,SO,79.5,overcast clouds,7.9803,49.8164,Amiin Hotel
322,Pontianak,ID,76.98,few clouds,-0.0333,109.3333,Aston Pontianak Hotel & Convention Center
324,Dawei,MM,76.5,overcast clouds,14.0833,98.2,Hotel Dawei
325,Dalianwan,CN,68.04,clear sky,39.0286,121.695,Huanghai Hotel
328,Kuching,MY,79.02,light rain,1.55,110.3333,Hilton Kuching
332,Hinganghat,IN,89.76,few clouds,20.5667,78.8333,Zambre Villa
335,Half Moon Bay,US,74.79,haze,37.4636,-122.4286,"The Ritz-Carlton, Half Moon Bay"
336,Mitsamiouli,KM,78.39,clear sky,-11.3847,43.2844,Foyer ADM
339,Biak,ID,79.88,broken clouds,-0.9131,122.8766,Penginapan Kim
340,Belmonte,BR,74.48,clear sky,-15.8631,-38.8828,Pousada Monte Carmelo O Pão
344,Haines Junction,CA,69.75,broken clouds,60.7522,-137.5108,Parkside Inn
345,Tura,IN,73.51,clear sky,25.5198,90.2201,Hotel RIKMAN Continental
347,Nouadhibou,MR,66.18,clear sky,20.931,-17.0347,El Medina
349,Ulaangom,MN,68.02,overcast clouds,49.9811,92.0667,Achit Nuur Hotel & Restaurant
354,Natal,BR,75.85,clear sky,-5.795,-35.2094,Villa Park Hotel | Natal
355,Governador Valadares,BR,70.65,broken clouds,-18.8511,-41.9494,Hotel Panorama
356,Hervey Bay,AU,67.37,overcast clouds,-25.2986,152.8535,Shelly Bay Resort
360,Cortez,US,68.76,haze,37.3489,-108.5859,Sand Canyon National 9 Inn
362,Buraydah,SA,82.85,clear sky,26.326,43.975,Mövenpick Qassim
365,Estelle,US,84.99,clear sky,29.8458,-90.1067,Boomtown Casino & Hotel New Orleans
370,Port Hedland,AU,66.25,light rain,-20.3167,118.5667,The Esplanade Hotel
371,Palu,ID,84.43,overcast clouds,-0.8917,119.8707,Hotel Santika Palu
372,Kirakira,SB,84.78,scattered clouds,-10.4544,161.9205,SanBiz Lodge
373,Hopelchen,MX,81.03,overcast clouds,19.7667,-89.85,Hotel Jaguar
374,Salalah,OM,84.29,broken clouds,17.0151,54.0924,"HAMDAN PLAZA HOTEL SALALAH, an HTG Hotel"
375,Le Port,RE,71.6,broken clouds,-20.9373,55.2919,KORBEY D'OR OUEST
376,Colomba,GT,74.97,overcast clouds,14.7167,-91.7333,Colomba costacica
380,Pemba,MZ,74.1,broken clouds,-12.974,40.5178,Guesthouse Samotina
381,Nguru,NG,86.27,clear sky,12.8791,10.4526,Government Lodge
382,Germantown,US,77.52,clear sky,39.1732,-77.2717,Fairfield Inn & Suites by Marriott Germantown Gaithersburg
384,Alyangula,AU,80.58,scattered clouds,-13.8483,136.4192,Groote Eylandt Lodge
385,Ahipara,NZ,67.21,scattered clouds,-35.1667,173.1667,Ahipara Holiday Park
386,Jalu,LY,79.18,clear sky,29.0331,21.5482,صاحبة الفخامة
388,Cockburn Town,TC,78.76,scattered clouds,21.4612,-71.1419,Osprey Beach Hotel
389,Pochutla,MX,75.81,overcast clouds,15.7432,-96.4661,Hotel Posada San Jose
390,Siderno,IT,66.34,clear sky,38.2779,16.302,Grand Hotel President
391,Panaba,MX,79.0,broken clouds,21.2833,-88.2667,Hotel Don Fernando
392,Kattivakkam,IN,84.29,overcast clouds,13.2167,80.3167,Euronova Freezer
394,Bintulu,MY,81.01,few clouds,3.1667,113.0333,900 Boutique INN
395,Aksu,CN,68.27,overcast clouds,41.1231,80.2644,Pudong Holiday Hotel
400,Pontes E Lacerda,BR,77.99,broken clouds,-15.2261,-59.3353,Hotel Bressan
401,Acapulco,MX,82.22,overcast clouds,16.8634,-99.8901,HS Hotsson Smart Acapulco
402,Sampit,ID,82.69,overcast clouds,-2.5333,112.95,Aquarius Boutique Hotel Sampit
405,Cayenne,GF,81.09,broken clouds,4.9333,-52.3333,Hôtel Le Dronmi
408,Changji,CN,68.79,clear sky,44.0167,87.3167,Lvye Holiday Resort
409,Akyab,MM,81.68,overcast clouds,20.15,92.9,Hotel Memory
410,Viransehir,TR,76.33,clear sky,37.2353,39.7631,Viranşehir Öğretmenevi
411,Damoh,IN,89.74,clear sky,23.8333,79.45,"Saansad Niwas, Damoh"
415,Bourail,NC,78.78,broken clouds,-21.5667,165.4833,Motel Allamanda
416,Grants,US,75.43,clear sky,35.1473,-107.8514,"Motel 6 Grants, NM"
417,Ahmadpur Sial,PK,85.98,clear sky,30.6754,71.7483,Khan Mobile Shop
423,Heze,CN,80.98,overcast clouds,35.2431,115.4411,Hanting Express Heze North Mudang Road University Town
425,Sola,VU,88.47,few clouds,-13.8833,167.55,Leumerus Bungalows
426,Atbasar,KZ,66.27,clear sky,51.8,68.3333,Гостиничный Комплекс Saad
430,Dwarka,IN,80.96,broken clouds,22.2394,68.9678,Hotel Narayan Avezika Comfort
431,Umm Lajj,SA,81.21,clear sky,25.0213,37.2685,Moon light Furnished Units
434,Halifax,CA,66.09,clear sky,44.6453,-63.5724,Hotel Halifax and Hotel Barrington
435,Guanaja,HN,81.95,broken clouds,16.4,-85.9,Parrot Beach
436,Xiamen,CN,86.05,few clouds,24.4798,118.0819,Xiamen Dongchen Hotel
438,Voi,KE,66.11,clear sky,-3.3945,38.563,Voi Wildlife Lodge
439,Tianpeng,CN,74.71,overcast clouds,30.9866,103.9393,Shuangliu Love Home Business Hotel
445,Odweyne,SO,73.96,overcast clouds,9.4092,45.064,Eng Hiirey House
453,Martinez,US,82.02,clear sky,38.0194,-122.1341,Best Western John Muir Inn
455,Lompoc,US,76.57,clear sky,34.6391,-120.4579,"Holiday Inn Express Lompoc, an IHG Hotel"
459,Nabire,ID,76.21,overcast clouds,-3.3667,135.4833,Hotel Nusantara I
463,Hambantota,LK,77.34,scattered clouds,6.1241,81.1185,Bungalow 63
464,Sorong,ID,80.87,overcast clouds,-0.8833,131.25,Waigo Splash Hotel
466,Elat,IL,82.24,clear sky,29.5581,34.9482,Club Hotel Eilat
470,Sao Filipe,CV,75.34,clear sky,14.8961,-24.4956,Hotel Xaguate
471,Puerto Leguizamo,CO,71.8,broken clouds,-0.1934,-74.7819,la casona de juancho
474,Najran,SA,74.05,clear sky,17.4924,44.1277,محمد هادي ال فطيح
478,Pasni,PK,80.6,clear sky,25.2631,63.471,Kashmiri Hotal
479,Izumo,JP,75.15,light rain,35.3667,132.7667,Toyoko-Inn Izumoshi ekimae
480,Vangaindrano,MG,66.16,overcast clouds,-23.35,47.6,Hotel Fanilo
481,Araripina,BR,69.51,overcast clouds,-7.5761,-40.4983,Hotel Eco Recanto da Serra
482,San Rafael Del Sur,NI,74.37,overcast clouds,11.8485,-86.4384,Hospedaje El Chino
484,Jaumave,MX,79.61,overcast clouds,23.4167,-99.3833,HOTEL CIENEGA
485,Castelo Do Piaui,BR,75.81,scattered clouds,-5.3222,-41.5525,Nobre Hotel
488,Lapao,BR,68.05,clear sky,-11.3833,-41.8319,Pousada Toque De Classe
490,Arawa,PG,86.27,overcast clouds,-6.2132,155.5367,Coastline Guest House
492,Sao Gabriel Da Cachoeira,BR,72.93,light rain,-0.1303,-67.0892,Alarne - Área De Lazer Do Alto Rio Negro
493,Tanabe,JP,74.93,moderate rain,33.7333,135.3667,美吉屋旅館
496,Bemidji,US,70.56,overcast clouds,47.4736,-94.8803,Hampton Inn & Suites Bemidji
497,Sabang,ID,82.62,overcast clouds,5.8933,95.3214,Hotel Citra
499,Balabac,PH,84.06,broken clouds,7.9868,117.0645,Batalla’s Lodging House
501,Ambilobe,MG,65.43,clear sky,-13.2,49.05,Hôtel & Restaurant DIANA Ambilobe
502,Danville,US,77.38,clear sky,36.586,-79.395,"Holiday Inn Express Danville, an IHG Hotel"
504,Wanning,CN,85.12,few clouds,18.8003,110.3967,Paradise Hotel
506,Muisne,EC,75.83,overcast clouds,0.6,-80.0333,Quinta Samay
509,Magadi,IN,71.76,overcast clouds,12.9667,77.2333,Gobi centre
514,Ingham,US,76.23,clear sky,42.6,-84.3833,Sunset Mobile Home Park
519,Mindelo,CV,72.95,few clouds,16.8901,-24.9804,Hotel Gaudi
522,Damietta,EG,73.29,clear sky,31.4165,31.8133,SULIMAN INN
523,Boa Vista,BR,82.38,clear sky,2.8197,-60.6733,Aipana Plaza Hotel
524,Bartica,GY,77.32,scattered clouds,6.4,-58.6167,Sloth Island Nature Resort
526,Buchanan,LR,77.07,light rain,5.8808,-10.0467,Kamaneahn Hotel Inc
527,Celestun,MX,81.64,overcast clouds,20.8667,-90.4,Posada Lilia
530,Vanimo,PG,83.84,overcast clouds,-2.6741,141.3028,Vahmoneh Lodge Vanimo
531,Brainerd,US,75.45,broken clouds,46.358,-94.2008,"Holiday Inn Express & Suites Brainerd-Baxter, an IHG Hotel"
533,Progreso,MX,85.1,overcast clouds,21.2833,-89.6667,Playa Linda Hotel
534,Alta Floresta,BR,76.33,broken clouds,-9.8756,-56.0861,Floresta Amazonica Hotel
535,Tukrah,LY,67.66,clear sky,32.5341,20.5791,Lagrota restaurant
538,Kalmunai,LK,79.32,overcast clouds,7.4167,81.8167,VS Villa
539,Kota Belud,MY,84.76,few clouds,6.351,116.4305,Tang Dynasty Lodge Kota Belud
540,Tulum,MX,75.56,scattered clouds,20.2167,-87.4667,Kin Ha Tulum
541,Gambela,ET,69.84,overcast clouds,8.25,34.5833,Solomon Debebe Hotel
542,Shenzhen,CN,85.21,overcast clouds,22.5455,114.0683,Grand Skylight
544,Ca Mau,VN,82.6,overcast clouds,9.1769,105.15,Mường Thanh Luxury Cà Mau Hotel
545,Tena,EC,69.91,light rain,-0.9833,-77.8167,Hostal Tena Ñaui
548,Chabahar,IR,81.91,clear sky,25.2919,60.643,هتل گدروشیا
550,Honiara,SB,86.38,scattered clouds,-9.4333,159.95,Heritage Park Hotel
552,La Macarena,CO,71.24,overcast clouds,2.1837,-73.7849,Hotel Punto Verde
559,Prado,BR,70.27,scattered clouds,-17.3411,-39.2208,INN CORNER RIVER - PRADO - BAHIA - HOUSING AND HOTEL
562,Sao Jose Da Coroa Grande,BR,76.39,broken clouds,-8.8978,-35.1478,Crôa Mares Hotel
563,Guaira,BR,67.33,few clouds,-20.3183,-48.3106,Hotel do Lago
564,Sterling,US,77.59,few clouds,39.0062,-77.4286,Hampton Inn & Suites Washington-Dulles International Airport
569,Kendari,ID,80.17,overcast clouds,-3.945,122.4989,Hotel Wixel
570,Nassau,US,70.83,clear sky,40.7507,-73.5829,Hilton Garden Inn Westbury
571,San Isidro,PE,65.01,scattered clouds,-12.1167,-77.05,Radisson Hotel Decapolis Miraflores
572,Wanxian,CN,74.66,overcast clouds,30.8039,108.3897,7Days Inn Chongqing Shiqiaopu
575,Puerto Maldonado,PE,73.83,scattered clouds,-12.6,-69.1833,Wasai Hotel
576,Cabangahan,PH,80.38,overcast clouds,9.0781,122.9469,Centralle District Beach Resort
578,Marsa Matruh,EG,79.0,clear sky,31.3525,27.2453,Beau Site
581,Contamana,PE,78.57,overcast clouds,-7.3333,-75.0167,Shiringal Touristic Park
582,Berbera,SO,85.84,broken clouds,10.4396,45.0143,IBCO REAL ESTATE PROPERTY
583,Kroya,ID,80.67,clear sky,-7.6331,109.2461,Devina kost & Homestay Kroya
585,Ubatuba,BR,71.33,broken clouds,-23.4339,-45.0711,Hotel Coquille
586,Quang Ngai,VN,84.36,broken clouds,15.1167,108.8,Central Hotel
589,Mogadishu,SO,79.48,clear sky,2.0371,45.3438,Hotel Juba
591,Jasper,US,84.25,few clouds,37.2001,-94.3502,Guest House Motel
593,Oussouye,SN,80.78,light rain,12.485,-16.5469,Auberge du Routard
594,Cap Malheureux,MU,75.51,clear sky,-19.9842,57.6142,Pereybere Hotel & Spa
595,Noumea,NC,82.38,overcast clouds,-22.2763,166.4572,Hôtel Le Lagon
596,Grand Gaube,MU,73.8,clear sky,-20.0064,57.6608,Veranda Paul et Virginie Hotel & Spa
598,Saint Anthony,US,81.03,clear sky,45.0205,-93.218,"Holiday Inn Express Roseville-St. Paul, an IHG Hotel"
599,Chengde,CN,68.34,clear sky,40.9725,117.9361,Super 8 Hotel
607,Mount Vernon,US,73.04,few clouds,40.9126,-73.8371,Ramada by Wyndham Bronx
608,Bonthe,SL,79.38,light rain,7.5264,-12.505,Bonthe Holiday Village
609,Morondava,MG,70.16,clear sky,-20.2833,44.2833,La Case Bambou
610,Carauari,BR,72.73,clear sky,-4.8828,-66.8958,Hotel Fellip
612,Praia,CV,73.94,few clouds,14.9215,-23.5087,LT Aparthotel
614,Catuday,PH,82.96,clear sky,16.2923,119.8062,Benjie's Kubo & Cottages
615,Tiarei,PF,84.22,clear sky,-17.5333,-149.3333,Le Rocher de Tahiti
616,Kununurra,AU,75.18,clear sky,-15.7667,128.7333,Hotel Kununurra
618,Marsh Harbour,BS,78.1,light rain,26.5412,-77.0636,Abaco Beach Resort
620,Isiro,CD,66.34,overcast clouds,2.7739,27.616,Guest House Hewa Bora
621,Howard Springs,AU,86.88,overcast clouds,-12.497,131.047,buffalo beach hostel
622,Safaga,EG,82.22,clear sky,26.7292,33.9365,Lamar Resort Abu Soma
624,Innoshima,JP,67.77,overcast clouds,34.2833,133.1833,Doi Ryokan
627,Balikpapan,ID,76.19,few clouds,-1.2675,116.8289,Swiss-Belhotel Balikpapan
629,Axim,GH,77.38,light rain,4.8699,-2.2405,Axim Beach Resort And Spa
630,Shangrao,CN,76.32,heavy intensity rain,28.4532,117.9686,Boyue boutique Hotel
631,Lazaro Cardenas,MX,81.64,broken clouds,17.9583,-102.2,HOTEL QUINTA ANTIGUA
633,Kefar Shemaryahu,IL,71.58,clear sky,32.1856,34.8219,Dan Accadia Herzliya Hotel
636,Rosarito,MX,70.72,scattered clouds,32.3333,-117.0333,Hotel Festival Plaza Rosarito
639,Charters Towers,AU,76.05,clear sky,-20.1,146.2667,Cattleman's Rest Motor Inn
642,Dakar,SN,76.08,clear sky,14.6937,-17.4441,Novotel Dakar
643,Tecoanapa,MX,80.76,overcast clouds,16.5167,-98.75,Hotel Manglares
648,Ratnagiri,IN,81.88,clear sky,16.9833,73.3,Hotel Landmark
649,Dali,CN,68.65,clear sky,25.7,100.1833,Dali Travelling With Hostel
653,Kawalu,ID,77.59,clear sky,-7.3817,108.2082,West Jontor
656,Bolgatanga,GH,81.46,overcast clouds,10.7856,-0.8514,Mama's Place
658,Takayama,JP,79.66,few clouds,36.1333,137.25,Country Hotel Takayama
662,Eydhafushi,MV,82.27,overcast clouds,5.1033,73.0708,Soneva Fushi
667,Kudahuvadhoo,MV,82.17,heavy intensity rain,2.6708,72.8944,Niyama Private Islands Maldives
672,Nova Olimpia,BR,80.31,overcast clouds,-14.7972,-57.2881,Motel glamour
673,Cairns,AU,81.1,few clouds,-16.9167,145.7667,Mantra Trilogy Cairns
674,Susangerd,IR,84.94,clear sky,31.5608,48.1831,دفتر خدمات هوایی وجهانگردی نسیم گستر دشت آزادگان
675,Nova Olinda Do Norte,BR,73.69,light rain,-3.8881,-59.0942,Casa Juazeiro
679,Finschhafen,PG,84.16,moderate rain,-6.6024,147.8681,Cossam Guest House
680,Kot Kapura,IN,86.54,clear sky,30.5833,74.9,Dr. Darshan Lal
681,Tabatinga,BR,77.09,clear sky,-4.2525,-69.9381,Hotel Amazon Bed and Breakfast / Hotel Amazon B&B
682,Sambava,MG,71.35,scattered clouds,-14.2667,50.1667,Melrose
688,Salinas,US,76.78,clear sky,36.6777,-121.6555,Laurel Inn & Conference Center
690,Tezu,IN,81.63,clear sky,27.9167,96.1667,Circuit House
691,Lat Yao,TH,83.14,broken clouds,15.751,99.7893,โรงแรมสอระ
692,Sumbe,AO,70.79,broken clouds,-11.2061,13.8437,Hotel Ritz Sumbe
694,Samarai,PG,81.14,scattered clouds,-10.6167,150.6667,Nuli Sapi
695,Sulphur Springs,US,87.75,clear sky,33.1385,-95.6011,Clarion Pointe Sulphur Springs
696,Roma,US,73.54,clear sky,43.2128,-75.4557,Wingate By Wyndham Rome
697,Bundaberg,AU,70.21,overcast clouds,-24.85,152.35,Takalvan Motel
698,Ugoofaaru,MV,82.51,light rain,5.6667,73.0,Ungoofaaru Inn
700,Mitha Tiwana,PK,85.01,scattered clouds,32.2486,72.1108,Canal Rest House
702,Kupang,ID,84.02,broken clouds,-10.1667,123.5833,Hotel On The Rock by Prasanthi
703,Alexandria,EG,73.36,clear sky,31.2156,29.9553,Royal Crown Hotel
705,Shirgaon,IN,83.26,few clouds,19.7,72.7,"Samarth Krupa Farm, Palghar"
707,Bonoua,CI,76.87,overcast clouds,5.2741,-3.595,Hotel Bon Samaritian
709,Namibe,AO,65.84,clear sky,-15.1961,12.1522,Hotel Chik Chik Namibe
710,Devils Lake,US,78.78,few clouds,48.1128,-98.8651,"Holiday Inn Express Devils Lake, an IHG Hotel"
714,Colares,PT,65.28,overcast clouds,38.7992,-9.4469,Arribas Sintra Hotel
716,Boueni,YT,78.78,clear sky,-12.9025,45.0761,The feet in water
717,Erzin,TR,74.01,clear sky,36.9559,36.2,Artemis Otel
718,Bushehr,IR,71.69,clear sky,28.9684,50.8385,Yas Hotel
